<TextureAtlas imagePath="medievalRTS_spritesheet.png">
	<SubTexture name="medievalEnvironment_01.png" x="534" y="275" width="14" height="32"/>
	<SubTexture name="medievalEnvironment_02.png" x="515" y="256" width="19" height="46"/>
	<SubTexture name="medievalEnvironment_03.png" x="516" y="514" width="19" height="33"/>
	<SubTexture name="medievalEnvironment_04.png" x="511" y="314" width="26" height="48"/>
	<SubTexture name="medievalEnvironment_05.png" x="526" y="499" width="14" height="15"/>
	<SubTexture name="medievalEnvironment_06.png" x="384" y="298" width="36" height="15"/>
	<SubTexture name="medievalEnvironment_07.png" x="531" y="162" width="18" height="16"/>
	<SubTexture name="medievalEnvironment_08.png" x="479" y="354" width="32" height="28"/>
	<SubTexture name="medievalEnvironment_09.png" x="475" y="140" width="38" height="32"/>
	<SubTexture name="medievalEnvironment_10.png" x="475" y="105" width="38" height="35"/>
	<SubTexture name="medievalEnvironment_11.png" x="475" y="70" width="38" height="35"/>
	<SubTexture name="medievalEnvironment_12.png" x="472" y="35" width="38" height="35"/>
	<SubTexture name="medievalEnvironment_13.png" x="511" y="410" width="20" height="23"/>
	<SubTexture name="medievalEnvironment_14.png" x="526" y="458" width="18" height="16"/>
	<SubTexture name="medievalEnvironment_15.png" x="479" y="422" width="32" height="28"/>
	<SubTexture name="medievalEnvironment_16.png" x="458" y="504" width="38" height="32"/>
	<SubTexture name="medievalEnvironment_17.png" x="434" y="48" width="38" height="35"/>
	<SubTexture name="medievalEnvironment_18.png" x="474" y="0" width="38" height="35"/>
	<SubTexture name="medievalEnvironment_19.png" x="436" y="0" width="38" height="35"/>
	<SubTexture name="medievalEnvironment_20.png" x="511" y="233" width="20" height="23"/>
	<SubTexture name="medievalEnvironment_21.png" x="511" y="362" width="21" height="48"/>
	<SubTexture name="medievalStructure_01.png" x="475" y="222" width="36" height="42"/>
	<SubTexture name="medievalStructure_02.png" x="252" y="512" width="60" height="38"/>
	<SubTexture name="medievalStructure_03.png" x="312" y="512" width="52" height="34"/>
	<SubTexture name="medievalStructure_04.png" x="414" y="507" width="44" height="36"/>
	<SubTexture name="medievalStructure_05.png" x="431" y="144" width="44" height="42"/>
	<SubTexture name="medievalStructure_06.png" x="192" y="512" width="60" height="38"/>
	<SubTexture name="medievalStructure_07.png" x="64" y="512" width="52" height="34"/>
	<SubTexture name="medievalStructure_08.png" x="479" y="382" width="32" height="40"/>
	<SubTexture name="medievalStructure_09.png" x="380" y="447" width="56" height="60"/>
	<SubTexture name="medievalStructure_10.png" x="431" y="186" width="44" height="40"/>
	<SubTexture name="medievalStructure_11.png" x="435" y="310" width="44" height="40"/>
	<SubTexture name="medievalStructure_12.png" x="511" y="197" width="20" height="36"/>
	<SubTexture name="medievalStructure_13.png" x="382" y="383" width="53" height="52"/>
	<SubTexture name="medievalStructure_14.png" x="320" y="320" width="63" height="63"/>
	<SubTexture name="medievalStructure_15.png" x="320" y="383" width="62" height="64"/>
	<SubTexture name="medievalStructure_16.png" x="435" y="350" width="44" height="60"/>
	<SubTexture name="medievalStructure_17.png" x="431" y="84" width="44" height="60"/>
	<SubTexture name="medievalStructure_18.png" x="431" y="262" width="44" height="48"/>
	<SubTexture name="medievalStructure_19.png" x="383" y="320" width="52" height="60"/>
	<SubTexture name="medievalStructure_20.png" x="384" y="0" width="52" height="48"/>
	<SubTexture name="medievalStructure_21.png" x="320" y="447" width="60" height="60"/>
	<SubTexture name="medievalStructure_22.png" x="479" y="314" width="32" height="40"/>
	<SubTexture name="medievalStructure_23.png" x="431" y="226" width="44" height="36"/>
	<SubTexture name="medievalTile_01.png" x="0" y="384" width="64" height="64"/>
	<SubTexture name="medievalTile_02.png" x="0" y="448" width="64" height="64"/>
	<SubTexture name="medievalTile_03.png" x="64" y="0" width="64" height="64"/>
	<SubTexture name="medievalTile_04.png" x="64" y="64" width="64" height="64"/>
	<SubTexture name="medievalTile_05.png" x="64" y="128" width="64" height="64"/>
	<SubTexture name="medievalTile_06.png" x="64" y="384" width="64" height="64"/>
	<SubTexture name="medievalTile_07.png" x="64" y="448" width="64" height="64"/>
	<SubTexture name="medievalTile_08.png" x="496" y="450" width="30" height="64"/>
	<SubTexture name="medievalTile_09.png" x="0" y="512" width="64" height="30"/>
	<SubTexture name="medievalTile_10.png" x="128" y="64" width="64" height="64"/>
	<SubTexture name="medievalTile_11.png" x="128" y="128" width="64" height="47"/>
	<SubTexture name="medievalTile_12.png" x="128" y="367" width="64" height="47"/>
	<SubTexture name="medievalTile_13.png" x="320" y="0" width="64" height="64"/>
	<SubTexture name="medievalTile_14.png" x="320" y="64" width="64" height="64"/>
	<SubTexture name="medievalTile_15.png" x="320" y="192" width="64" height="64"/>
	<SubTexture name="medievalTile_16.png" x="256" y="0" width="64" height="64"/>
	<SubTexture name="medievalTile_17.png" x="128" y="0" width="64" height="64"/>
	<SubTexture name="medievalTile_18.png" x="192" y="320" width="64" height="64"/>
	<SubTexture name="medievalTile_19.png" x="0" y="64" width="64" height="64"/>
	<SubTexture name="medievalTile_20.png" x="0" y="0" width="64" height="64"/>
	<SubTexture name="medievalTile_21.png" x="64" y="192" width="64" height="64"/>
	<SubTexture name="medievalTile_22.png" x="384" y="84" width="47" height="43"/>
	<SubTexture name="medievalTile_23.png" x="436" y="410" width="43" height="47"/>
	<SubTexture name="medievalTile_24.png" x="364" y="507" width="50" height="36"/>
	<SubTexture name="medievalTile_25.png" x="384" y="127" width="47" height="64"/>
	<SubTexture name="medievalTile_26.png" x="384" y="234" width="47" height="64"/>
	<SubTexture name="medievalTile_27.png" x="192" y="256" width="64" height="64"/>
	<SubTexture name="medievalTile_28.png" x="320" y="256" width="64" height="64"/>
	<SubTexture name="medievalTile_29.png" x="0" y="192" width="64" height="64"/>
	<SubTexture name="medievalTile_30.png" x="0" y="128" width="64" height="64"/>
	<SubTexture name="medievalTile_31.png" x="192" y="384" width="64" height="64"/>
	<SubTexture name="medievalTile_32.png" x="256" y="128" width="64" height="64"/>
	<SubTexture name="medievalTile_33.png" x="128" y="303" width="64" height="64"/>
	<SubTexture name="medievalTile_34.png" x="192" y="448" width="64" height="64"/>
	<SubTexture name="medievalTile_35.png" x="320" y="128" width="64" height="64"/>
	<SubTexture name="medievalTile_36.png" x="436" y="457" width="43" height="47"/>
	<SubTexture name="medievalTile_37.png" x="384" y="191" width="47" height="43"/>
	<SubTexture name="medievalTile_38.png" x="384" y="48" width="50" height="36"/>
	<SubTexture name="medievalTile_39.png" x="475" y="172" width="36" height="50"/>
	<SubTexture name="medievalTile_40.png" x="479" y="264" width="36" height="50"/>
	<SubTexture name="medievalTile_41.png" x="256" y="448" width="64" height="64"/>
	<SubTexture name="medievalTile_42.png" x="256" y="384" width="64" height="64"/>
	<SubTexture name="medievalTile_43.png" x="256" y="320" width="64" height="64"/>
	<SubTexture name="medievalTile_44.png" x="256" y="256" width="64" height="64"/>
	<SubTexture name="medievalTile_45.png" x="256" y="192" width="64" height="64"/>
	<SubTexture name="medievalTile_46.png" x="128" y="239" width="64" height="64"/>
	<SubTexture name="medievalTile_47.png" x="256" y="64" width="64" height="64"/>
	<SubTexture name="medievalTile_48.png" x="64" y="320" width="64" height="64"/>
	<SubTexture name="medievalTile_49.png" x="64" y="256" width="64" height="64"/>
	<SubTexture name="medievalTile_50.png" x="128" y="175" width="64" height="64"/>
	<SubTexture name="medievalTile_51.png" x="0" y="320" width="64" height="64"/>
	<SubTexture name="medievalTile_52.png" x="0" y="256" width="64" height="64"/>
	<SubTexture name="medievalTile_53.png" x="192" y="192" width="64" height="64"/>
	<SubTexture name="medievalTile_54.png" x="192" y="128" width="64" height="64"/>
	<SubTexture name="medievalTile_55.png" x="192" y="64" width="64" height="64"/>
	<SubTexture name="medievalTile_56.png" x="192" y="0" width="64" height="64"/>
	<SubTexture name="medievalTile_57.png" x="128" y="478" width="64" height="64"/>
	<SubTexture name="medievalTile_58.png" x="128" y="414" width="64" height="64"/>
	<SubTexture name="medievalUnit_01.png" x="496" y="514" width="20" height="26"/>
	<SubTexture name="medievalUnit_02.png" x="526" y="433" width="18" height="25"/>
	<SubTexture name="medievalUnit_03.png" x="510" y="35" width="20" height="25"/>
	<SubTexture name="medievalUnit_04.png" x="533" y="51" width="16" height="24"/>
	<SubTexture name="medievalUnit_05.png" x="532" y="386" width="16" height="24"/>
	<SubTexture name="medievalUnit_06.png" x="479" y="450" width="16" height="24"/>
	<SubTexture name="medievalUnit_07.png" x="513" y="136" width="20" height="26"/>
	<SubTexture name="medievalUnit_08.png" x="530" y="26" width="18" height="25"/>
	<SubTexture name="medievalUnit_09.png" x="513" y="111" width="20" height="25"/>
	<SubTexture name="medievalUnit_10.png" x="479" y="474" width="16" height="24"/>
	<SubTexture name="medievalUnit_11.png" x="531" y="203" width="16" height="24"/>
	<SubTexture name="medievalUnit_12.png" x="533" y="123" width="16" height="24"/>
	<SubTexture name="medievalUnit_13.png" x="512" y="0" width="20" height="26"/>
	<SubTexture name="medievalUnit_14.png" x="531" y="178" width="18" height="25"/>
	<SubTexture name="medievalUnit_15.png" x="513" y="60" width="20" height="25"/>
	<SubTexture name="medievalUnit_16.png" x="531" y="227" width="16" height="24"/>
	<SubTexture name="medievalUnit_17.png" x="532" y="0" width="16" height="24"/>
	<SubTexture name="medievalUnit_18.png" x="532" y="362" width="16" height="24"/>
	<SubTexture name="medievalUnit_19.png" x="513" y="85" width="20" height="26"/>
	<SubTexture name="medievalUnit_20.png" x="526" y="474" width="18" height="25"/>
	<SubTexture name="medievalUnit_21.png" x="511" y="172" width="20" height="25"/>
	<SubTexture name="medievalUnit_22.png" x="533" y="75" width="16" height="24"/>
	<SubTexture name="medievalUnit_23.png" x="533" y="99" width="16" height="24"/>
	<SubTexture name="medievalUnit_24.png" x="534" y="251" width="16" height="24"/>
</TextureAtlas>