<TextureAtlas imagePath="medievalRTS_spritesheet@2.png">
	<SubTexture name="medievalEnvironment_01.png" x="1029" y="636" width="38" height="92"/>
	<SubTexture name="medievalEnvironment_02.png" x="1030" y="728" width="37" height="66"/>
	<SubTexture name="medievalEnvironment_03.png" x="1023" y="0" width="53" height="96"/>
	<SubTexture name="medievalEnvironment_04.png" x="838" y="736" width="28" height="30"/>
	<SubTexture name="medievalEnvironment_05.png" x="766" y="736" width="72" height="30"/>
	<SubTexture name="medievalEnvironment_06.png" x="804" y="603" width="36" height="32"/>
	<SubTexture name="medievalEnvironment_07.png" x="976" y="963" width="64" height="56"/>
	<SubTexture name="medievalEnvironment_08.png" x="950" y="535" width="76" height="64"/>
	<SubTexture name="medievalEnvironment_09.png" x="950" y="465" width="76" height="70"/>
	<SubTexture name="medievalEnvironment_10.png" x="950" y="395" width="76" height="70"/>
	<SubTexture name="medievalEnvironment_11.png" x="950" y="325" width="76" height="70"/>
	<SubTexture name="medievalEnvironment_12.png" x="903" y="255" width="40" height="46"/>
	<SubTexture name="medievalEnvironment_13.png" x="768" y="603" width="36" height="32"/>
	<SubTexture name="medievalEnvironment_14.png" x="951" y="190" width="64" height="56"/>
	<SubTexture name="medievalEnvironment_15.png" x="900" y="950" width="76" height="64"/>
	<SubTexture name="medievalEnvironment_16.png" x="900" y="1014" width="76" height="70"/>
	<SubTexture name="medievalEnvironment_17.png" x="951" y="120" width="76" height="70"/>
	<SubTexture name="medievalEnvironment_18.png" x="950" y="255" width="76" height="70"/>
	<SubTexture name="medievalEnvironment_19.png" x="863" y="255" width="40" height="47"/>
	<SubTexture name="medievalEnvironment_20.png" x="1026" y="318" width="43" height="96"/>
	<SubTexture name="medievalEnvironment_21.png" x="1076" y="0" width="28" height="64"/>
	<SubTexture name="medievalStructure_01.png" x="957" y="699" width="72" height="84"/>
	<SubTexture name="medievalStructure_02.png" x="384" y="1024" width="120" height="76"/>
	<SubTexture name="medievalStructure_03.png" x="608" y="1024" width="104" height="68"/>
	<SubTexture name="medievalStructure_04.png" x="812" y="1013" width="88" height="72"/>
	<SubTexture name="medievalStructure_05.png" x="862" y="399" width="88" height="84"/>
	<SubTexture name="medievalStructure_06.png" x="128" y="1024" width="120" height="76"/>
	<SubTexture name="medievalStructure_07.png" x="504" y="1024" width="104" height="68"/>
	<SubTexture name="medievalStructure_08.png" x="959" y="0" width="64" height="80"/>
	<SubTexture name="medievalStructure_09.png" x="760" y="893" width="112" height="120"/>
	<SubTexture name="medievalStructure_10.png" x="862" y="555" width="88" height="80"/>
	<SubTexture name="medievalStructure_11.png" x="863" y="175" width="88" height="80"/>
	<SubTexture name="medievalStructure_12.png" x="1026" y="514" width="40" height="72"/>
	<SubTexture name="medievalStructure_13.png" x="768" y="0" width="103" height="103"/>
	<SubTexture name="medievalStructure_14.png" x="640" y="768" width="125" height="125"/>
	<SubTexture name="medievalStructure_15.png" x="640" y="640" width="126" height="128"/>
	<SubTexture name="medievalStructure_16.png" x="869" y="736" width="88" height="120"/>
	<SubTexture name="medievalStructure_17.png" x="871" y="0" width="88" height="120"/>
	<SubTexture name="medievalStructure_18.png" x="862" y="303" width="88" height="96"/>
	<SubTexture name="medievalStructure_19.png" x="765" y="768" width="104" height="120"/>
	<SubTexture name="medievalStructure_20.png" x="766" y="640" width="104" height="96"/>
	<SubTexture name="medievalStructure_21.png" x="640" y="893" width="120" height="120"/>
	<SubTexture name="medievalStructure_22.png" x="976" y="883" width="64" height="80"/>
	<SubTexture name="medievalStructure_23.png" x="862" y="483" width="88" height="72"/>
	<SubTexture name="medievalTile_01.png" x="0" y="640" width="128" height="128"/>
	<SubTexture name="medievalTile_02.png" x="0" y="768" width="128" height="128"/>
	<SubTexture name="medievalTile_03.png" x="0" y="896" width="128" height="128"/>
	<SubTexture name="medievalTile_04.png" x="128" y="128" width="128" height="128"/>
	<SubTexture name="medievalTile_05.png" x="128" y="384" width="128" height="128"/>
	<SubTexture name="medievalTile_06.png" x="128" y="640" width="128" height="128"/>
	<SubTexture name="medievalTile_07.png" x="128" y="768" width="128" height="128"/>
	<SubTexture name="medievalTile_08.png" x="1026" y="190" width="60" height="128"/>
	<SubTexture name="medievalTile_09.png" x="0" y="1024" width="128" height="60"/>
	<SubTexture name="medievalTile_10.png" x="256" y="128" width="128" height="128"/>
	<SubTexture name="medievalTile_11.png" x="256" y="256" width="128" height="94"/>
	<SubTexture name="medievalTile_12.png" x="256" y="606" width="128" height="94"/>
	<SubTexture name="medievalTile_13.png" x="256" y="700" width="128" height="128"/>
	<SubTexture name="medievalTile_14.png" x="640" y="0" width="128" height="128"/>
	<SubTexture name="medievalTile_15.png" x="640" y="128" width="128" height="128"/>
	<SubTexture name="medievalTile_16.png" x="640" y="384" width="128" height="128"/>
	<SubTexture name="medievalTile_17.png" x="640" y="512" width="128" height="128"/>
	<SubTexture name="medievalTile_18.png" x="384" y="640" width="128" height="128"/>
	<SubTexture name="medievalTile_19.png" x="0" y="128" width="128" height="128"/>
	<SubTexture name="medievalTile_20.png" x="0" y="0" width="128" height="128"/>
	<SubTexture name="medievalTile_21.png" x="384" y="512" width="128" height="128"/>
	<SubTexture name="medievalTile_22.png" x="768" y="303" width="94" height="86"/>
	<SubTexture name="medievalTile_23.png" x="870" y="635" width="86" height="94"/>
	<SubTexture name="medievalTile_24.png" x="712" y="1013" width="100" height="72"/>
	<SubTexture name="medievalTile_25.png" x="768" y="389" width="94" height="128"/>
	<SubTexture name="medievalTile_26.png" x="768" y="175" width="95" height="128"/>
	<SubTexture name="medievalTile_27.png" x="384" y="896" width="128" height="128"/>
	<SubTexture name="medievalTile_28.png" x="512" y="640" width="128" height="128"/>
	<SubTexture name="medievalTile_29.png" x="0" y="384" width="128" height="128"/>
	<SubTexture name="medievalTile_30.png" x="0" y="256" width="128" height="128"/>
	<SubTexture name="medievalTile_31.png" x="512" y="128" width="128" height="128"/>
	<SubTexture name="medievalTile_32.png" x="512" y="256" width="128" height="128"/>
	<SubTexture name="medievalTile_33.png" x="512" y="384" width="128" height="128"/>
	<SubTexture name="medievalTile_34.png" x="640" y="256" width="128" height="128"/>
	<SubTexture name="medievalTile_35.png" x="512" y="0" width="128" height="128"/>
	<SubTexture name="medievalTile_36.png" x="872" y="856" width="86" height="94"/>
	<SubTexture name="medievalTile_37.png" x="768" y="517" width="94" height="86"/>
	<SubTexture name="medievalTile_38.png" x="768" y="103" width="100" height="72"/>
	<SubTexture name="medievalTile_39.png" x="956" y="599" width="72" height="100"/>
	<SubTexture name="medievalTile_40.png" x="958" y="783" width="72" height="100"/>
	<SubTexture name="medievalTile_41.png" x="512" y="896" width="128" height="128"/>
	<SubTexture name="medievalTile_42.png" x="512" y="768" width="128" height="128"/>
	<SubTexture name="medievalTile_43.png" x="256" y="478" width="128" height="128"/>
	<SubTexture name="medievalTile_44.png" x="512" y="512" width="128" height="128"/>
	<SubTexture name="medievalTile_45.png" x="256" y="350" width="128" height="128"/>
	<SubTexture name="medievalTile_46.png" x="256" y="0" width="128" height="128"/>
	<SubTexture name="medievalTile_47.png" x="128" y="896" width="128" height="128"/>
	<SubTexture name="medievalTile_48.png" x="128" y="512" width="128" height="128"/>
	<SubTexture name="medievalTile_49.png" x="128" y="256" width="128" height="128"/>
	<SubTexture name="medievalTile_50.png" x="384" y="768" width="128" height="128"/>
	<SubTexture name="medievalTile_51.png" x="128" y="0" width="128" height="128"/>
	<SubTexture name="medievalTile_52.png" x="0" y="512" width="128" height="128"/>
	<SubTexture name="medievalTile_53.png" x="384" y="384" width="128" height="128"/>
	<SubTexture name="medievalTile_54.png" x="384" y="256" width="128" height="128"/>
	<SubTexture name="medievalTile_55.png" x="384" y="128" width="128" height="128"/>
	<SubTexture name="medievalTile_56.png" x="384" y="0" width="128" height="128"/>
	<SubTexture name="medievalTile_57.png" x="256" y="956" width="128" height="128"/>
	<SubTexture name="medievalTile_58.png" x="256" y="828" width="128" height="128"/>
	<SubTexture name="medievalUnit_01.png" x="1067" y="96" width="33" height="48"/>
	<SubTexture name="medievalUnit_02.png" x="909" y="120" width="41" height="52"/>
	<SubTexture name="medievalUnit_03.png" x="1030" y="794" width="36" height="50"/>
	<SubTexture name="medievalUnit_04.png" x="1026" y="464" width="40" height="50"/>
	<SubTexture name="medievalUnit_05.png" x="1066" y="794" width="33" height="48"/>
	<SubTexture name="medievalUnit_06.png" x="1058" y="994" width="33" height="48"/>
	<SubTexture name="medievalUnit_07.png" x="1058" y="1042" width="33" height="48"/>
	<SubTexture name="medievalUnit_08.png" x="868" y="120" width="41" height="52"/>
	<SubTexture name="medievalUnit_09.png" x="1040" y="844" width="36" height="50"/>
	<SubTexture name="medievalUnit_10.png" x="1027" y="96" width="40" height="50"/>
	<SubTexture name="medievalUnit_11.png" x="1066" y="462" width="33" height="48"/>
	<SubTexture name="medievalUnit_12.png" x="1068" y="558" width="33" height="48"/>
	<SubTexture name="medievalUnit_13.png" x="1066" y="414" width="33" height="48"/>
	<SubTexture name="medievalUnit_14.png" x="1017" y="1019" width="41" height="52"/>
	<SubTexture name="medievalUnit_15.png" x="1040" y="894" width="36" height="50"/>
	<SubTexture name="medievalUnit_16.png" x="1026" y="414" width="40" height="50"/>
	<SubTexture name="medievalUnit_17.png" x="1066" y="510" width="33" height="48"/>
	<SubTexture name="medievalUnit_18.png" x="1067" y="636" width="33" height="48"/>
	<SubTexture name="medievalUnit_19.png" x="1067" y="684" width="33" height="48"/>
	<SubTexture name="medievalUnit_20.png" x="976" y="1019" width="41" height="52"/>
	<SubTexture name="medievalUnit_21.png" x="1040" y="944" width="36" height="50"/>
	<SubTexture name="medievalUnit_22.png" x="1028" y="586" width="40" height="50"/>
	<SubTexture name="medievalUnit_23.png" x="1067" y="732" width="33" height="48"/>
	<SubTexture name="medievalUnit_24.png" x="1069" y="318" width="33" height="48"/>
</TextureAtlas>